<?xml version="1.0" encoding="UTF-8"?>

<mule xmlns:ee="http://www.mulesoft.org/schema/mule/ee/core" xmlns:context="http://www.springframework.org/schema/context" xmlns:dw="http://www.mulesoft.org/schema/mule/ee/dw" xmlns:db="http://www.mulesoft.org/schema/mule/db" xmlns:metadata="http://www.mulesoft.org/schema/mule/metadata" xmlns:http="http://www.mulesoft.org/schema/mule/http" xmlns:tracking="http://www.mulesoft.org/schema/mule/ee/tracking" xmlns="http://www.mulesoft.org/schema/mule/core" xmlns:doc="http://www.mulesoft.org/schema/mule/documentation"
	xmlns:spring="http://www.springframework.org/schema/beans" 
	xmlns:xsi="http://www.w3.org/2001/XMLSchema-instance"
	xsi:schemaLocation="http://www.springframework.org/schema/beans http://www.springframework.org/schema/beans/spring-beans-current.xsd
http://www.mulesoft.org/schema/mule/core http://www.mulesoft.org/schema/mule/core/current/mule.xsd
http://www.mulesoft.org/schema/mule/ee/tracking http://www.mulesoft.org/schema/mule/ee/tracking/current/mule-tracking-ee.xsd
http://www.mulesoft.org/schema/mule/http http://www.mulesoft.org/schema/mule/http/current/mule-http.xsd
http://www.mulesoft.org/schema/mule/db http://www.mulesoft.org/schema/mule/db/current/mule-db.xsd
http://www.mulesoft.org/schema/mule/ee/dw http://www.mulesoft.org/schema/mule/ee/dw/current/dw.xsd
http://www.springframework.org/schema/context http://www.springframework.org/schema/context/spring-context-current.xsd
http://www.mulesoft.org/schema/mule/ee/core http://www.mulesoft.org/schema/mule/ee/core/current/mule-ee.xsd">
    
    
    <db:mysql-config name="MySQL_Configuration" host="${db.host}" port="${db.port}" user="${db.username}" password="${db.password}" database="${db.database}" doc:name="MySQL Configuration"/>
    <context:property-placeholder location="app-${env}.properties"/>
    <ee:object-store-caching-strategy name="Caching_Strategy" keyGenerationExpression="#[message.inboundProperties.'http.query.params'.destination]" doc:name="Caching Strategy">
        <in-memory-store name="flightCache" maxEntries="5000" entryTTL="30000" expirationInterval="60000"/>
    </ee:object-store-caching-strategy>
    <flow name="getFlightsByIDFlow">
        <db:select config-ref="MySQL_Configuration" doc:name="Database">
            <db:parameterized-query><![CDATA[select * from american where ID = #[message.inboundProperties.'http.uri.params'.ID]]]></db:parameterized-query>
        </db:select>
        <dw:transform-message doc:name="TM Object To JSON" metadata:id="9bb226d1-2a01-406c-b1a4-dfba6fabe19f">
            <dw:set-payload><![CDATA[%dw 1.0
%output application/json
---
(
	
	payload map ((payload01 , indexOfPayload01) -> {
	ID: payload01.ID,
	code: payload01.code1
++ payload01.code2,
	price: payload01.price as :number,
	departureDate: payload01.takeOffDate as :string,
	origin: payload01.fromAirport,
	destination: payload01.toAirport,
	emptySeats: payload01.seatsAvailable as :number,
	plane: {
		type: payload01.planeType,
		totalSeats: payload01.totalSeats as :number
	}
})
	
)[0]

]]></dw:set-payload>
        </dw:transform-message>
    </flow>
    <flow name="getFlightsFlow">
        <ee:cache cachingStrategy-ref="Caching_Strategy" doc:name="Cache">
            <db:select config-ref="MySQL_Configuration" doc:name="Database">
                <db:parameterized-query><![CDATA[select * from american where toAirport = #[message.inboundProperties.'http.query.params'.destination]]]></db:parameterized-query>
            </db:select>
            <logger message="From Database" level="INFO" doc:name="Logger"/>
        </ee:cache>
        <dw:transform-message doc:name="TM Object To JSON" metadata:id="9bb226d1-2a01-406c-b1a4-dfba6fabe19f">
            <dw:set-payload><![CDATA[%dw 1.0
%output application/json
---
payload map ((payload01 , indexOfPayload01) -> {
	ID: payload01.ID,
	code: payload01.code1++ payload01.code2,
	price: payload01.price as :number,
	departureDate: payload01.takeOffDate as :string,
	origin: payload01.fromAirport,
	destination: payload01.toAirport,
	emptySeats: payload01.seatsAvailable as :number,
	plane: {
		type: payload01.planeType,
		totalSeats: payload01.totalSeats as :number
	}
})]]></dw:set-payload>
        </dw:transform-message>
    </flow>
</mule>
