<?xml version="1.0" encoding="UTF-8"?>

<mule xmlns:file="http://www.mulesoft.org/schema/mule/file" xmlns:dw="http://www.mulesoft.org/schema/mule/ee/dw" xmlns:db="http://www.mulesoft.org/schema/mule/db" xmlns:metadata="http://www.mulesoft.org/schema/mule/metadata" xmlns:vm="http://www.mulesoft.org/schema/mule/vm" xmlns:http="http://www.mulesoft.org/schema/mule/http" xmlns:batch="http://www.mulesoft.org/schema/mule/batch" xmlns:tracking="http://www.mulesoft.org/schema/mule/ee/tracking" xmlns="http://www.mulesoft.org/schema/mule/core" xmlns:doc="http://www.mulesoft.org/schema/mule/documentation"
	xmlns:spring="http://www.springframework.org/schema/beans" 
	xmlns:xsi="http://www.w3.org/2001/XMLSchema-instance"
	xsi:schemaLocation="http://www.springframework.org/schema/beans http://www.springframework.org/schema/beans/spring-beans-current.xsd
http://www.mulesoft.org/schema/mule/core http://www.mulesoft.org/schema/mule/core/current/mule.xsd
http://www.mulesoft.org/schema/mule/batch http://www.mulesoft.org/schema/mule/batch/current/mule-batch.xsd
http://www.mulesoft.org/schema/mule/db http://www.mulesoft.org/schema/mule/db/current/mule-db.xsd
http://www.mulesoft.org/schema/mule/ee/dw http://www.mulesoft.org/schema/mule/ee/dw/current/dw.xsd
http://www.mulesoft.org/schema/mule/file http://www.mulesoft.org/schema/mule/file/current/mule-file.xsd
http://www.mulesoft.org/schema/mule/http http://www.mulesoft.org/schema/mule/http/current/mule-http.xsd
http://www.mulesoft.org/schema/mule/vm http://www.mulesoft.org/schema/mule/vm/current/mule-vm.xsd
http://www.mulesoft.org/schema/mule/ee/tracking http://www.mulesoft.org/schema/mule/ee/tracking/current/mule-tracking-ee.xsd">
    <db:mysql-config name="MySQL_Configuration" host="iltdb.learn.mulesoft.com" port="3306" user="mule" password="mule" database="training" doc:name="MySQL Configuration"/>
    <asynchronous-processing-strategy name="Asynchronous_Processing_Strategy" maxThreads="100" doc:name="Asynchronous Processing Strategy"/>
    <flow name="batch-jobFlow">
        <http:listener config-ref="" path="/" doc:name="HTTP"/>
        <dw:transform-message doc:name="Transform Message">
            <dw:set-payload><![CDATA[%dw 1.0
%output application/java
---
payload]]></dw:set-payload>
        </dw:transform-message>
        <batch:execute name="batch-jobBatch" doc:name="Batch Execute"/>
        <collection-splitter doc:name="Collection Splitter"/>
        <vm:outbound-endpoint exchange-pattern="one-way" path="myq" doc:name="VM"/>
    </flow>
    <flow name="batch-jobFlow1" processingStrategy="Asynchronous_Processing_Strategy">
        <vm:inbound-endpoint exchange-pattern="one-way" path="myq" doc:name="VM"/>
        <logger level="INFO" doc:name="Logger"/>
        <db:stored-procedure config-ref="MySQL_Configuration" doc:name="Database">
            <db:parameterized-query><![CDATA[getCustomer(:aaa,:bbb)]]></db:parameterized-query>
            <db:in-param name="aaa" value="#[]"/>
        </db:stored-procedure>
    </flow>
    <batch:job name="batch-jobBatch" max-failed-records="100">
        <batch:input>
            <poll doc:name="Poll">
                <fixed-frequency-scheduler frequency="5000"/>
                <watermark variable="maxAccId" default-expression="0" selector="MAX" selector-expression="#[payload.accountID]"/>
                <db:select config-ref="MySQL_Configuration" doc:name="Database">
                    <db:parameterized-query><![CDATA[select * from accounts where accountID >  #[flowVars.maxAccId]]]></db:parameterized-query>
                </db:select>
            </poll>
        </batch:input>
        <batch:process-records>
            <batch:step name="Batch_Step1">
                <dw:transform-message doc:name="Java To JSON">
                    <dw:set-payload><![CDATA[%dw 1.0
%output application/json
---
payload]]></dw:set-payload>
                </dw:transform-message>
            </batch:step>
            <batch:step name="Batch_Step2">
                <file:outbound-endpoint path="D:\MuleC\Mule 3.9\json" outputPattern="#[server.nanoTime()+&quot;.json&quot;]" responseTimeout="10000" doc:name="File"/>
            </batch:step>
            <batch:step name="Batch_Step3" accept-policy="ONLY_FAILURES">
                <logger message="#[payload]" level="ERROR" doc:name="Logger"/>
            </batch:step>
        </batch:process-records>
        <batch:on-complete>
            <logger level="INFO" doc:name="Logger"/>
        </batch:on-complete>
    </batch:job>
</mule>
