<?xml version="1.0" encoding="UTF-8"?>

<mule xmlns:metadata="http://www.mulesoft.org/schema/mule/metadata" xmlns:context="http://www.springframework.org/schema/context" xmlns:dw="http://www.mulesoft.org/schema/mule/ee/dw" xmlns:http="http://www.mulesoft.org/schema/mule/http" xmlns="http://www.mulesoft.org/schema/mule/core" xmlns:doc="http://www.mulesoft.org/schema/mule/documentation"
	xmlns:spring="http://www.springframework.org/schema/beans" 
	xmlns:xsi="http://www.w3.org/2001/XMLSchema-instance"
	xsi:schemaLocation="http://www.springframework.org/schema/beans http://www.springframework.org/schema/beans/spring-beans-current.xsd
http://www.mulesoft.org/schema/mule/core http://www.mulesoft.org/schema/mule/core/current/mule.xsd
http://www.mulesoft.org/schema/mule/http http://www.mulesoft.org/schema/mule/http/current/mule-http.xsd
http://www.mulesoft.org/schema/mule/ee/dw http://www.mulesoft.org/schema/mule/ee/dw/current/dw.xsd
http://www.springframework.org/schema/context http://www.springframework.org/schema/context/spring-context-current.xsd">
    <spring:beans>
        <spring:bean id="edp" name="edp" class="com.boa.EmployeeDataProcessor" scope="singleton"/>
    </spring:beans>
    <flow name="java-codeFlow">
        <http:listener config-ref="HTTP_Listener_Configuration" path="/java" allowedMethods="GET" doc:name="HTTP"/>
        <invoke name="EmployeeDataProcessor" object-ref="edp" method="processData" methodArguments="#[message.inboundProperties.'http.query.params'.data],#[55]" methodArgumentTypes="java.lang.String,java.lang.Integer" doc:name="EmployeeDataProcessor"/>
 
        <dw:transform-message doc:name="HashMap To JSON">
            <dw:set-payload><![CDATA[%dw 1.0
%output application/json
---
payload]]></dw:set-payload>
        </dw:transform-message>
    </flow>
</mule>
