<?xml version="1.0" encoding="UTF-8"?>

<mule xmlns:metadata="http://www.mulesoft.org/schema/mule/metadata" xmlns:dw="http://www.mulesoft.org/schema/mule/ee/dw" xmlns:http="http://www.mulesoft.org/schema/mule/http" xmlns="http://www.mulesoft.org/schema/mule/core" xmlns:doc="http://www.mulesoft.org/schema/mule/documentation"
	xmlns:spring="http://www.springframework.org/schema/beans" 
	xmlns:xsi="http://www.w3.org/2001/XMLSchema-instance"
	xsi:schemaLocation="http://www.springframework.org/schema/beans http://www.springframework.org/schema/beans/spring-beans-current.xsd
http://www.mulesoft.org/schema/mule/core http://www.mulesoft.org/schema/mule/core/current/mule.xsd
http://www.mulesoft.org/schema/mule/http http://www.mulesoft.org/schema/mule/http/current/mule-http.xsd
http://www.mulesoft.org/schema/mule/ee/dw http://www.mulesoft.org/schema/mule/ee/dw/current/dw.xsd">
    <http:listener-config name="HTTP_Listener_Configuration" host="0.0.0.0" port="8081" doc:name="HTTP Listener Configuration"/>
    <flow name="dataweaveFlow2">
        <http:listener config-ref="HTTP_Listener_Configuration" path="/dataweave3" allowedMethods="POST" doc:name="HTTP"/>
        <dw:transform-message doc:name="Transform Message">
            <dw:input-payload doc:sample="sample_data\empty.xml"/>
            <dw:set-payload><![CDATA[%dw 1.0
%output application/java
---
payload.flights.*flight map (flight, flightIndex) -> flight: {
	airline: flight.flightOperator,
	number: flight.@number,
	size: payload.flights.@'size',
	loopIndex: flightIndex
} as :object {class:"com.boa.Flight"}]]></dw:set-payload>
        </dw:transform-message>
    </flow>
    <flow name="dataweaveFlow1">
        <http:listener config-ref="HTTP_Listener_Configuration" path="/dataweave2" allowedMethods="POST" doc:name="HTTP"/>
        <dw:transform-message doc:name="Transform Message">
            <dw:input-payload doc:sample="sample_data\json_2.json"/>
            <dw:set-payload><![CDATA[%dw 1.0
%output application/xml

%var data = payload  distinctBy $.flightCode orderBy $.price filter $.price < 500 or $.availableSeats as :number > 10 map {
	flightOperator: upper $.airlineName,
	cost: $.price,
	takeOffDate: $.departureDate 
			as :date {format:"yyyy/MM/dd"}
			as :string {format:"dd MMM yyyy"},
	type: $.planeType replace "Bo" with "Boe",
	fromAirport: $.origination,
	code: lower $.flightCode,
	emptySeats: $.availableSeats as :number,
	toAirport: $.destination,
	status: "Filling fast" 
			when ($.availableSeats as :number) <= 10 
			otherwise "Normal"
}

%var descendingData = data[-1 to 0]

%var segregatedFlightData = descendingData map flight @(number: $$ + 1) : $

---
flights  @(size: sizeOf payload)  : {(segregatedFlightData)}
]]></dw:set-payload>
        </dw:transform-message>
    </flow>
    <flow name="dataweaveFlow">
        <http:listener config-ref="HTTP_Listener_Configuration" path="/dataweave1" allowedMethods="POST" doc:name="HTTP"/>
        <dw:transform-message doc:name="Transform Message">
            <dw:input-payload doc:sample="sample_data\json_1.json"/>
            <dw:set-payload><![CDATA[%dw 1.0
%output application/json
---
{
	flightOperator: payload.airline,
	toAirport: payload.destination,
	fromAirport: "MUA",
	dateOfTravel: now as :string {format:"dd MMM yyyy"}
} as :object {class:"java.util.HashMap"}]]></dw:set-payload>
            <dw:set-variable resource="classpath:javaData.dwl" variableName="java"/>
            <dw:set-variable variableName="xml"><![CDATA[%dw 1.0
%output application/xml
%namespace boa http://www.boa.com/mule3/day5
%namespace tns http://www.boa.com/mule3/day6
%type mydate = :string {format:"dd MMM yyyy"}
---
boa#flightSearch  @(tns#priceUnder:500, currency:"USD")  : {
	flightOperator: payload.airline,
	toAirport: payload.destination,
	fromAirport: "MUA",
	dateOfTravel: now as :mydate
}
]]></dw:set-variable>
        </dw:transform-message>
        <logger level="INFO" doc:name="Logger"/>
    </flow>
</mule>
