<?xml version="1.0" encoding="UTF-8"?>

<mule xmlns:cluster="http://www.mulesoft.org/schema/mule/ee/cluster" xmlns:dw="http://www.mulesoft.org/schema/mule/ee/dw" xmlns:ws="http://www.mulesoft.org/schema/mule/ws" xmlns:metadata="http://www.mulesoft.org/schema/mule/metadata" xmlns:american-flights-api="http://www.mulesoft.org/schema/mule/american-flights-api" xmlns:http="http://www.mulesoft.org/schema/mule/http" xmlns:tracking="http://www.mulesoft.org/schema/mule/ee/tracking" xmlns="http://www.mulesoft.org/schema/mule/core" xmlns:doc="http://www.mulesoft.org/schema/mule/documentation"
	xmlns:spring="http://www.springframework.org/schema/beans" 
	xmlns:xsi="http://www.w3.org/2001/XMLSchema-instance"
	xsi:schemaLocation="http://www.springframework.org/schema/beans http://www.springframework.org/schema/beans/spring-beans-current.xsd
http://www.mulesoft.org/schema/mule/core http://www.mulesoft.org/schema/mule/core/current/mule.xsd
http://www.mulesoft.org/schema/mule/http http://www.mulesoft.org/schema/mule/http/current/mule-http.xsd
http://www.mulesoft.org/schema/mule/ee/tracking http://www.mulesoft.org/schema/mule/ee/tracking/current/mule-tracking-ee.xsd
http://www.mulesoft.org/schema/mule/american-flights-api http://www.mulesoft.org/schema/mule/american-flights-api/current/mule-american-flights-api.xsd
http://www.mulesoft.org/schema/mule/ee/dw http://www.mulesoft.org/schema/mule/ee/dw/current/dw.xsd
http://www.mulesoft.org/schema/mule/ws http://www.mulesoft.org/schema/mule/ws/current/mule-ws.xsd">
    <american-flights-api:Configuration name="American_Flights_API__Configuration" doc:name="American Flights API: Configuration"/>
    <ws:consumer-config name="Web_Service_Consumer" wsdlLocation="http://ilt.mulesoft-training.com/essentials/delta?wsdl" service="TicketServiceService" port="TicketServicePort" serviceAddress="http://ilt.mulesoft-training.com/essentials/delta" doc:name="Web Service Consumer"/>
    <http:request-config name="HTTP_Request_Configuration" host="ilt.mulesoft-training.com" port="80" basePath="/essentials/united" doc:name="HTTP Request Configuration"/>
    <configuration defaultExceptionStrategy-ref="ChoiceExceptionStrategy" doc:name="Configuration">
        <http:config useTransportForUris="false"/>
    </configuration>
    <flow name="getFlightsFlow">
        <set-session-variable variableName="airline" value="#[(message.inboundProperties.'http.query.params'.airline != empty) ? message.inboundProperties.'http.query.params'.airline : &quot;all&quot;]" mimeType="application/java" doc:name="Session Variable"/>
        <scatter-gather doc:name="Scatter-Gather">
            <processor-chain>
                <expression-filter expression="#[sessionVars.airline.contains(&quot;american&quot;)]" doc:name="Expression"/>
                <flow-ref name="getAmericanFlightsFlow" doc:name="getAmericanFlightsFlow"/>
            </processor-chain>
            <processor-chain>
                <expression-filter expression="#[sessionVars.airline.contains(&quot;delta&quot;)]" doc:name="Expression"/>
                <flow-ref name="getDeltaFlightsFlow" doc:name="getDeltaFlightsFlow"/>
            </processor-chain>
            <processor-chain>
                <expression-filter expression="#[sessionVars.airline.contains(&quot;united&quot;)]" doc:name="Expression"/>
                <flow-ref name="getUnitedFlightsFlow" doc:name="getUnitedFlightsFlow"/>
            </processor-chain>
            <processor-chain>
                <expression-filter expression="#[sessionVars.airline.contains(&quot;all&quot;)]" doc:name="Expression"/>
                <flow-ref name="getAllFlightsFlow" doc:name="getAllFlightsFlow"/>
            </processor-chain>
        </scatter-gather>
        <dw:transform-message doc:name="Transform Message">
            <dw:set-payload><![CDATA[%dw 1.0
%output application/json
---
flatten payload]]></dw:set-payload>
        </dw:transform-message>
    </flow>
    <flow name="getAllFlightsFlow">
        <scatter-gather doc:name="Scatter-Gather">
            <flow-ref name="getAmericanFlightsFlow" doc:name="FR getAmericanFlightsFlow"/>
            <flow-ref name="getDeltaFlightsFlow" doc:name="FR getDeltaFlightsFlow"/>
            <flow-ref name="getUnitedFlightsFlow" doc:name="FR getUnitedFlightsFlow"/>
        </scatter-gather>
        <dw:transform-message doc:name="Transform Message">
            <dw:set-payload><![CDATA[%dw 1.0
%output application/json
---
flatten payload]]></dw:set-payload>
        </dw:transform-message>
    </flow>
    <flow name="getUnitedFlightsFlow">
        <set-variable variableName="destination" value="#[(message.inboundProperties.'http.query.params'.destination != empty)?message.inboundProperties.'http.query.params'.destination : &quot;SFO&quot;]" doc:name="FV destination"/>
        <http:request config-ref="HTTP_Request_Configuration" path="/flights/{DEST}" method="GET" doc:name="United REST API">
            <http:request-builder>
                <http:uri-param paramName="DEST" value="#[destination]"/>
            </http:request-builder>
        </http:request>
        <dw:transform-message doc:name="Transform Message" metadata:id="81fa3192-cbbd-48f2-a318-4927072203cc">
            <dw:input-payload mimeType="application/json"/>
            <dw:set-payload><![CDATA[%dw 1.0
%output application/json
---
payload.flights map ((flight , indexOfFlight) -> {
	airline: flight.airlineName,
	flightCode: flight.code,
	fromAirportCode: flight.origin,
	toAirportCode: flight.destination,
	departureDate: flight.departureDate,
	emptySeats: flight.emptySeats,
	totalSeats: 180,
	price: flight.price,
	planeType: flight.planeType
})]]></dw:set-payload>
        </dw:transform-message>
    </flow>
    <choice-exception-strategy name="ChoiceExceptionStrategy">
        <catch-exception-strategy when="#[exception is com.mulesoft.weave.mule.exception.WeaveExecutionException]" doc:name="Catch Exception Strategy">
            <set-property propertyName="http.status" value="400" doc:name="Property"/>
            <set-payload value="Invalid destination" doc:name="Set Payload"/>
        </catch-exception-strategy>
        <catch-exception-strategy doc:name="Catch Exception Strategy">
            <set-payload value="Something went wrong. Try later." doc:name="Set Payload"/>
            <set-property propertyName="http.status" value="500" doc:name="Property"/>
        </catch-exception-strategy>
    </choice-exception-strategy>
    <flow name="getDeltaFlightsFlow">
        <set-variable variableName="destination" value="#[(message.inboundProperties.'http.query.params'.destination != empty)?message.inboundProperties.'http.query.params'.destination : &quot;SFO&quot;]" doc:name="FV destination"/>
        <dw:transform-message doc:name="FV destination To XML">
            <dw:set-payload><![CDATA[%dw 1.0
%output application/xml
%namespace ns0 http://soap.training.mulesoft.com/
---
{
	ns0#findFlight: {
		destination: flowVars.destination as :string
	}
}]]></dw:set-payload>
        </dw:transform-message>
        <ws:consumer config-ref="Web_Service_Consumer" operation="findFlight" doc:name="Web Service Consumer"/>
        <dw:transform-message doc:name="XML To Common JSON" metadata:id="b66cab1d-3eb1-447a-a910-9ba65d2927dd">
            <dw:set-payload><![CDATA[%dw 1.0
%output application/json
%namespace ns0 http://soap.training.mulesoft.com/
---
payload.ns0#findFlightResponse.*return map ((return , indexOfReturn) -> {
	airline: return.airlineName,
	flightCode: return.code,
	fromAirportCode: return.origin,
	toAirportCode: return.destination,
	departureDate: return.departureDate,
	emptySeats: return.emptySeats,
	totalSeats: 180,
	price: return.price,
	planeType: return.planeType
})]]></dw:set-payload>
        </dw:transform-message>
    </flow>
    <flow name="getAmericanFlightsFlow">
        <set-variable variableName="destination" value="#[(message.inboundProperties.'http.query.params'.destination != empty)?message.inboundProperties.'http.query.params'.destination : &quot;SFO&quot;]" doc:name="FV destination"/>
        <american-flights-api:get-flights-by-destination config-ref="American_Flights_API__Configuration" client_id="7f7c5d17f5074fd395ee6c5536055b19" client_secret="951d11bA450747E098099ff4886Ed740" destination="#[destination]" doc:name="American Flights API"/>
        <dw:transform-message doc:name="TM JSON To Common JSON" metadata:id="b3695d54-da8d-4046-9f60-1e921cbafd36">
            <dw:set-payload><![CDATA[%dw 1.0
%output application/java
---
payload map ((payload01 , indexOfPayload01) -> {
	airline: "American",
	flightCode: payload01.code,
	fromAirportCode: payload01.origin,
	toAirportCode: payload01.destination,
	departureDate: payload01.departureDate,
	emptySeats: payload01.emptySeats,
	totalSeats: payload01.plane.totalSeats,
	price: payload01.price,
	planeType: payload01.plane.type
})]]></dw:set-payload>
        </dw:transform-message>
        <logger message="Payload is #[payload]  Flow Vars are #[flowVars]   #[sessionVars]  " level="INFO" doc:name="Logger"/>
        <catch-exception-strategy doc:name="Catch Exception Strategy">
            <set-property propertyName="http.status" value="400" doc:name="Property"/>
            <set-payload value="No American flights are available this moment" doc:name="Set Payload"/>
        </catch-exception-strategy>
    </flow>
</mule>
